ID, event
1185, ruffle
1189, ruffle
1193, ruffle
1208, ruffle
1212, ruffle
1220, detach
1252, detach
1263, ruffle
1267, ruffle
1278, ruffle
1282, ruffle
1293, ruffle
1297, ruffle
1308, ruffle
1312, ruffle
1338, ruffle
1342, ruffle
1368, ruffle
1372, ruffle
1380, ruffle
1493, ruffle
1504, ruffle
1508, ruffle
1534, ruffle
1546, ruffle
1572, ruffle
1576, ruffle
1587, ruffle
1591, ruffle
1615, ruffle
1626, ruffle
1630, ruffle
1638, ruffle
1649, ruffle
1653, ruffle
1797, ruffle
1801, ruffle
1929, ruffle
